"Carimbo de data/hora","Leandro Inacio Ol","Qual a relação entre o React-Native component Styling e o CSS","Qual dos exemplo abaixo não funciona no React","Qual a melhor boa prática para trabalhar com <View>","Na situação onde uma <View> possui flexDirection: 'column'(que atualmente já é o padrão) o que acontece se usarmos também alignItems: 'flex-end'"
"2019/09/14 2:23:14 PM GMT","Alan Vieira Giavera","React-Native component Styling é inspirado no CSS","background-color:'#fff''","Usar flexbox para organizar os componentes","Vai posicionar os elementos no final da coluna na posição vertical"
"2019/09/14 2:38:16 PM GMT","Isaias viana de souza","React-Native component Styling é inspirado no CSS","background-color:'#fff''","organizar a posição de uma em uma","Vai posicionar os elementos no final da coluna na posição vertical"
"2019/09/14 2:39:18 PM GMT","Renato Silveira de Lima","React-Native component Styling é inspirado no CSS","background-color:'#fff''","Usar flexbox para organizar os componentes","Vai posicionar os elementos no final da coluna na posição vertical"
"2019/09/14 2:39:41 PM GMT","Alex Leandro Rosa","React-Native component Styling é inspirado no CSS","background-color:'#fff''","Usar flexbox para organizar os componentes","Vai posicionar os elementos no final da coluna na posição horizontal"
"2019/09/14 2:40:32 PM GMT","Ronaldo Custódio Alves Junior","React-Native component Styling é inspirado no CSS","background-color:'#fff''","Usar flexbox para organizar os componentes","Vai posicionar os elementos no final da coluna na posição vertical"
"2019/09/14 2:43:23 PM GMT","Leonardo Jacon dos Reis","React-Native component Styling é inspirado no CSS","background-color:'#fff''","Usar flexbox para organizar os componentes","Vai posicionar os elementos no final da coluna na posição vertical"
"2019/09/14 2:44:52 PM GMT","Dilan Aparecido Colangelo","React-Native component Styling é inspirado no CSS","background-color:'#fff''","Usar flexbox para organizar os componentes","Vai posicionar os elementos no final da coluna na posição vertical"
"2019/09/14 2:46:20 PM GMT","Lucas","React-Native component Styling é inspirado no CSS","background-color:'#fff''","Usar flexbox para organizar os componentes","Vai posicionar os elementos no final da coluna na posição vertical"
"2019/09/14 2:46:22 PM GMT","Matiel ","React-Native component Styling é inspirado no CSS","background-color:'#fff''","Usar flexbox para organizar os componentes","Vai posicionar os elementos no final da coluna na posição vertical"
"2019/09/14 2:49:03 PM GMT","Tiago Francisco da Rocha","Não há relação","background-color:'#fff''","Usar flexbox para organizar os componentes","Vai posicionar os elementos no final da coluna na posição horizontal"
"2019/09/14 2:49:04 PM GMT","Maykon Jonathan da Silva Soares","Não há relação","background-color:'#fff''","Usar flexbox para organizar os componentes","Vai posicionar os elementos no final da coluna na posição horizontal"
"2019/09/14 2:49:13 PM GMT","Vinícius Machioni","React-Native component Styling é inspirado no CSS","background-color:'#fff''","Usar flexbox para organizar os componentes","Vai posicionar os elementos no final da coluna na posição vertical"
"2019/09/14 2:50:17 PM GMT","Wesley Augusto Degasperi","React-Native component Styling é inspirado no CSS","background-color:'#fff''","Usar flexbox para organizar os componentes","Vai posicionar os elementos no final da coluna na posição vertical"
"2019/09/14 2:52:26 PM GMT","Denis Bernardes Oliveira","React-Native component Styling é inspirado no CSS","background-color:'#fff''","Usar flexbox para organizar os componentes","Vai posicionar os elementos no final da coluna na posição vertical"
"2019/09/14 2:53:34 PM GMT","Luiz Ricardo da Silva Bento","React-Native component Styling é inspirado no CSS","background-color:'#fff''","Usar flexbox para organizar os componentes","Vai posicionar os elementos no final da coluna na posição vertical"
"2019/09/27 12:34:19 PM GMT","Bruno Henrique da Silva Lucena","React-Native component Styling é inspirado no CSS","background-color:'#fff''","Usar flexbox para organizar os componentes","Vai posicionar os elementos no final da coluna na posição vertical"